"36氪_为创业者提供最好的产品和服务",http://36kr.com/
"宝宝树宣布完成逾三十亿人民币融资，欲启动国内上市征途_36氪",http://36kr.com/p/5049727
"微软Azure云平台拿下波音公司订单，航空领域或成为云服务下一个攻占点_36氪",http://36kr.com/p/5049731
"突破游戏集锦内容天花板，“起小点”想做成一个游戏圈的“毒舌电影”_36氪",http://36kr.com/p/5049547
"收垃圾还有哪些机会？Compology 让垃圾桶上网，为垃圾车优化路线_36氪",http://36kr.com/p/5049724
"如何集中解决电动自行车充电的需求？“永源充电站”希望做充电车棚并投放新媒体广告_36氪",http://36kr.com/p/5049729
"为医院提供科室建设解决方案，动亮发力B端慢病运动康复市场_36氪",http://36kr.com/p/5049730
"Zimmer收购法国手术机器人公司Medtech，至少支付1.32亿美元_36氪",http://36kr.com/p/5049723
"“北京壳牌”上线壳牌忠诚度会员计划，在微信、支付宝支付之外，还将对接电商、后市场等车主服务_36氪",http://36kr.com/p/5049736
"时尚类公众号难以实现差异化，私席 Seaty 期望用价值观传输+社群留住用户_36氪",http://36kr.com/p/5049737
"电商运营商aCommerce获1000万美元融资，这是B轮前融的第3笔Pre-B_36氪",http://36kr.com/p/5049713
"云知声升级技术引擎，提出“语用计算”新概念，能撬动更大的商业市场么？_36氪",http://36kr.com/p/5049740
"刚上线就被 App Store 推荐，这款“豌豆荚系”创业者做的视频编辑应用有什么不同？_36氪",http://36kr.com/p/5049715
"Facebook数据科学家解密数据分析驱动用户增长_36氪",http://36kr.com/p/5049712
"Neyya： 玩转 PowerPoint 会议场景的智能戒指_36氪",http://36kr.com/p/5049722
"Don Harrison ：创业公司被 Alphabet 收购的秘密_36氪",http://36kr.com/p/5049728
"惠开车i保养获领沨资本1亿元Pre-A轮融资，未来将降低网点集客成本、提高修理厂效率_36氪",http://36kr.com/p/5049743
"万科举报宝能系九大违规，股权之争再生变！“万宝之争”大事记看这一篇就够了_36氪",http://36kr.com/p/5049747
"雅虎对 Tumblr 再减记 4.82 亿美元，雅虎终将花落谁家？_36氪",http://36kr.com/p/5049738
"【行研】民生金融，行业血脉——医疗支付行业研究报告_36氪",http://36kr.com/p/5049691
"【大公司晚报】万科向证监会举报宝能九个资管计划违法违规；李彦宏私有化爱奇艺遭美国股东反对；波音与微软Azure云合作，利用大数据和AI降低油耗_36氪",http://36kr.com/p/5049748
