2016.07.19,"新闻 - | TechCrunch 中国",http://techcrunch.cn/%E6%96%B0%E9%97%BB/
2016.07.14,"这条机械鱼拥有黄金制作的骨架和活体细胞 | TechCrunch 中国",http://techcrunch.cn/2016/07/14/this-artificial-stingray-has-a-gold-skeleton-and-light-activated-rat-muscles/
2016.07.14,"这不是刷榜工厂，这是 Facebook 的移动设备测试实验室 | TechCrunch 中国",http://techcrunch.cn/2016/07/14/facebook-lifts-the-veil-on-its-mobile-device-testing-lab/
2016.07.19,"你站在哪一边？美国陆军特种作战部队将放弃安卓改用 iPhone | TechCrunch 中国",http://techcrunch.cn/2016/07/19/army-special-operations-command-reportedly-ditching-android-for-iphone-in-the-field/
2016.07.13,"Magic Leap：我们希望在不远的将来推出第一款产品 | TechCrunch 中国",http://techcrunch.cn/2016/07/13/magic-leap-says-it-will-debut-its-product-hopefully-soonish/
2016.07.15,"专访 PostGhost 匿名创始人：我为什么要保存名人的删除推文 | TechCrunch 中国",http://techcrunch.cn/2016/07/15/an-interview-with-the-anonymous-founder-of-postghost/
2016.07.13,"有料日报：Hyperloop One 联合创始人上演宫斗大戏 | TechCrunch 中国",http://techcrunch.cn/2016/07/13/crunch-report-hyperloop-one-founders-lawsuit/
2016.07.15,"Zore X：拔枪怒射之前，请首先使用手机解锁 | TechCrunch 中国",http://techcrunch.cn/2016/07/15/zore-x-is-a-smart-gun-lock-that-raised-almost-250k-on-indiegogo/
2016.07.19,"新闻 - | TechCrunch 中国",http://techcrunch.cn/%e6%96%b0%e9%97%bb/
2016.07.13,"被逼离任的 Hyperloop One 联合创始人发起诉讼，大曝内幕 | TechCrunch 中国",http://techcrunch.cn/2016/07/13/ousted-hyperloop-one-co-founder-brogan-bambrogan-is-suing-shervin-pishevar-claims-harassment/
2016.07.14,"游戏引擎开发商 Unity 融资 1.81 亿美元，估值达 15 亿美元 | TechCrunch 中国",http://techcrunch.cn/2016/07/14/unity-raises-181m-monster-round-at-a-reported-1-5b-valuation/
2016.07.19,"有料日报：Uber 派单数跨越 20 亿里程碑 | TechCrunch 中国",http://techcrunch.cn/2016/07/19/crunch-report-uber-hits-2-billion-rides-served/
2016.07.15,"有料日报：我任天堂又回来啦！ | TechCrunch 中国",http://techcrunch.cn/2016/07/15/crunch-report-nintendo-is-relaunching-the-nes/
2016.07.14,"谷歌收购社交工具 Kifi，加强群聊应用 Spaces | TechCrunch 中国",http://techcrunch.cn/2016/07/14/google-aqui-hires-deep-search-engine-kifi-to-enhance-its-spaces-group-chat-app/
2016.07.15,"优步的补贴会不会永远停不下来？ | TechCrunch 中国",http://techcrunch.cn/2016/07/15/uber-subsidise/
2016.07.12,"任天堂将修复宝可梦 Go 获取谷歌顶级权限问题 | TechCrunch 中国",http://techcrunch.cn/2016/07/12/pokemon-go-promises-to-fix-the-bug-that-let-it-access-all-your-google-data/
2016.07.13,"微软面向企业市场推出“Surface 即服务”，Surface 也能像软件一样租用了 | TechCrunch 中国",http://techcrunch.cn/2016/07/13/microsoft-debuts-surface-as-a-service-program-aimed-at-getting-devices-into-the-enterprise/
2016.07.13,"迪斯尼创业加速器公布第三期学员名单，这些公司可能会改变人们未来的娱乐方式 | TechCrunch 中国",http://techcrunch.cn/2016/07/13/walt-disney-co-reveals-9-new-startups-in-the-disney-accelerator-spanning-robotics-cinematic-vr-and-ai/
2016.07.16,"深度评测：戴森 V8 Absolute 手持吸尘器 | TechCrunch 中国",http://techcrunch.cn/2016/07/16/review-dysons-v8-absolute-vacuum-can-be-useful-minus-middling-battery-life/
2016.07.16,"Video - | TechCrunch 中国",http://techcrunch.cn/category/video/
2016.07.13,"真·魔鬼的步伐：乔治亚理工研究人员发明出模仿人类步态的机器人 | TechCrunch 中国",http://techcrunch.cn/2016/07/13/georgia-tech-outfits-its-humanoid-walking-robot-with-some-fancy-new-kicks/
